	Fanbook name	Price	Author	Fanbook status	Purchase Links
0	世界の策略	1,257円（税込）	ココノツノミチ	△：予約残りわずか	/joshi/ec/item/040030906327/
1	ずっともっと	787円（税込）	煙霞ナトリウム	○：予約受付中	/joshi/ec/item/040030935752/
2	天国へようこそ	944円（税込）	And But Cause I love you	○：予約受付中	/joshi/ec/item/040030937483/
3	二人で刻む日々	1,729円（税込）	Helichrysum	△：予約残りわずか	/joshi/ec/item/040030936939/
4	NAZONO TAMAGO	315円（税込）	もふり屋	×：在庫なし	/joshi/ec/item/040030936371/
5	明日に奏でるラブソング	1,572円（税込）	13月の庭	△：予約残りわずか	/joshi/ec/item/040030935778/
6	この声を君に捧ぐ	770円（税込）	月の葉	△：予約残りわずか	/joshi/ec/item/040030934873/
7	23°/19°	787円（税込）	くえん3	△：予約残りわずか	/joshi/ec/item/040030907948/
8	兎は想像で孕む生き物であるか	658円（税込）	かのこ	○：予約受付中	/joshi/ec/item/040030873079/
9	ヒプパしようぜ！！	315円（税込）	DAIZY	○：予約受付中	/joshi/ec/item/040030937491/
10	最後に残る愛のかたち	1,257円（税込）	うまからもやしたれ	×：在庫なし	/joshi/ec/item/040030935448/
11	Four Coke Lyric	787円（税込）	Chocolats	○：在庫あり	/joshi/ec/item/040030935227/
12	ROOM TOUR!	787円（税込）	CHIQUITA	○：予約受付中	/joshi/ec/item/040030927380/
13	FROM THE BIGGINING TO NOW	1,642円（税込）	渦	○：予約受付中	/joshi/ec/item/040030860819/
14	劇場前でまちあわせ　リターンズ	597円（税込）	BABY BLUE	○：予約受付中	/joshi/ec/item/040030937398/
15	mixed feelings	484円（税込）	おりたて弐六参	△：在庫残りわずか	/joshi/ec/item/040030930693/
16	hosanna	472円（税込）	おりたて弍六参	△：在庫残りわずか	/joshi/ec/item/040030920455/
17	稀刊どつどつ1月号	1,650円（税込）	QUN	○：予約受付中	/joshi/ec/item/040030879075/
18	かげろう	1,144円（税込）	黒はんぺん	△：予約残りわずか	/joshi/ec/item/040030937484/
19	神様とハッピーエンド	550円（税込）	レトルトはうす	×：在庫なし	/joshi/ec/item/040030919033/
20	ヒプマイエコバッグ　アイス	2,200円（税込）	choco_chocon	△：在庫残りわずか	/joshi/ec/item/040030918429/
21	ヒプノシスマイク　碧棺左馬刻　山田一郎　アクリルキーホルダー	770円（税込）	_caprice...	△：在庫残りわずか	/joshi/ec/item/040030912673/
22	FAM MC	1,320円（税込）	うそわずらい	×：在庫なし	/joshi/ec/item/040030872199/
23	Moon River	880円（税込）	白色ワセリン	○：予約受付中	/joshi/ec/item/040030935610/
24	あの日あの時Memories	715円（税込）	さよなら、またね	×：在庫なし	/joshi/ec/item/040030933121/
25	おはようおやすみまたあした	944円（税込）	ライツ	○：予約受付中	/joshi/ec/item/040030937428/
26	ウチの相方/ツレがイチバンやろがい!!/だろうが!!	286円（税込）	海賊営業中	△：予約残りわずか	/joshi/ec/item/040030937427/
27	ささろの小ネタオンエア！	429円（税込）	海賊営業中	○：予約受付中	/joshi/ec/item/040030937426/
28	ばぶチャンず！	822円（税込）	ふらみんごのひ	×：在庫なし	/joshi/ec/item/040030856191/
29	だからどうか、そばにいて	787円（税込）	8月の蜃気楼	×：在庫なし	/joshi/ec/item/040030934741/
30	そしておやすみなさい、さようなら	770円（税込）	対岸リリー	○：在庫あり	/joshi/ec/item/040030933056/
31	赤ずきんひふみちゃん	660円（税込）	ダダダ	×：在庫なし	/joshi/ec/item/040030931462/
32	なんちゃってナゴ獄マンガ	715円（税込）	Emoturbo	△：在庫残りわずか	/joshi/ec/item/040030928057/
33	AFTER HOURS 2	865円（税込）	YMYD	○：予約受付中	/joshi/ec/item/040030937316/
34	姫ちゃんといっしょ３	787円（税込）	タカマチ	○：予約受付中	/joshi/ec/item/040030937347/
35	萬屋百夜奇譚・降	1,572円（税込）	ムーピー計画	○：在庫あり	/joshi/ec/item/040030931066/
36	ちかくて、とおい	472円（税込）	shake-shock	○：予約受付中	/joshi/ec/item/040030937262/
37	ゆめぼん２	1,320円（税込）	うそわずらい	○：予約受付中	/joshi/ec/item/040030936640/
38	山田家＋αの食卓	1,068円（税込）	りばーす！	○：在庫あり	/joshi/ec/item/040030756713/
39	Because of you	1,150円（税込）	フラスコソープ	×：在庫なし	/joshi/ec/item/040030847511/
40	乱数の独裁恋愛国家	880円（税込）	ホンビノス貝デスマッチリターンズ	×：在庫なし	/joshi/ec/item/040030826573/
41	夜が更けるまで	673円（税込）	sundisc	×：在庫なし	/joshi/ec/item/040030822097/
42	PANCAKE PARTY NIGHT	658円（税込）	赤点おばけ	×：在庫なし	/joshi/ec/item/040030818563/
43	ポメポメぎゅーっとマテンロー！	493円（税込）	ZURU	×：在庫なし	/joshi/ec/item/040030752843/
44	ORIENTED RELOCATION	787円（税込）	軒下。別館	×：在庫なし	/joshi/ec/item/040030937311/
45	パーフェクトサマチャ	707円（税込）	トクセツ	△：予約残りわずか	/joshi/ec/item/040030937217/
46	恋愛ばぶちゃん	944円（税込）	あかしの	×：在庫なし	/joshi/ec/item/040030937142/
47	海辺の狐狼	572円（税込）	アスファルト製麺所	×：在庫なし	/joshi/ec/item/040030937096/
48	ひふみ！はあい！	472円（税込）	Garnet	×：在庫なし	/joshi/ec/item/040030916754/
49	星づく夜	472円（税込）	トカゲ村	○：予約受付中	/joshi/ec/item/040030937180/
50	世界の策略	1,257円（税込）	ココノツノミチ	△：予約残りわずか	/joshi/ec/item/040030906327/
51	ずっともっと	787円（税込）	煙霞ナトリウム	○：予約受付中	/joshi/ec/item/040030935752/
52	天国へようこそ	944円（税込）	And But Cause I love you	○：予約受付中	/joshi/ec/item/040030937483/
53	二人で刻む日々	1,729円（税込）	Helichrysum	△：予約残りわずか	/joshi/ec/item/040030936939/
54	NAZONO TAMAGO	315円（税込）	もふり屋	×：在庫なし	/joshi/ec/item/040030936371/
55	明日に奏でるラブソング	1,572円（税込）	13月の庭	△：予約残りわずか	/joshi/ec/item/040030935778/
56	この声を君に捧ぐ	770円（税込）	月の葉	△：予約残りわずか	/joshi/ec/item/040030934873/
57	23°/19°	787円（税込）	くえん3	△：予約残りわずか	/joshi/ec/item/040030907948/
58	兎は想像で孕む生き物であるか	658円（税込）	かのこ	○：予約受付中	/joshi/ec/item/040030873079/
59	ヒプパしようぜ！！	315円（税込）	DAIZY	○：予約受付中	/joshi/ec/item/040030937491/
60	最後に残る愛のかたち	1,257円（税込）	うまからもやしたれ	×：在庫なし	/joshi/ec/item/040030935448/
61	Four Coke Lyric	787円（税込）	Chocolats	○：在庫あり	/joshi/ec/item/040030935227/
62	ROOM TOUR!	787円（税込）	CHIQUITA	○：予約受付中	/joshi/ec/item/040030927380/
63	FROM THE BIGGINING TO NOW	1,642円（税込）	渦	○：予約受付中	/joshi/ec/item/040030860819/
64	劇場前でまちあわせ　リターンズ	597円（税込）	BABY BLUE	○：予約受付中	/joshi/ec/item/040030937398/
65	mixed feelings	484円（税込）	おりたて弐六参	△：在庫残りわずか	/joshi/ec/item/040030930693/
66	hosanna	472円（税込）	おりたて弍六参	△：在庫残りわずか	/joshi/ec/item/040030920455/
67	稀刊どつどつ1月号	1,650円（税込）	QUN	○：予約受付中	/joshi/ec/item/040030879075/
68	かげろう	1,144円（税込）	黒はんぺん	△：予約残りわずか	/joshi/ec/item/040030937484/
69	神様とハッピーエンド	550円（税込）	レトルトはうす	×：在庫なし	/joshi/ec/item/040030919033/
70	ヒプマイエコバッグ　アイス	2,200円（税込）	choco_chocon	△：在庫残りわずか	/joshi/ec/item/040030918429/
71	ヒプノシスマイク　碧棺左馬刻　山田一郎　アクリルキーホルダー	770円（税込）	_caprice...	△：在庫残りわずか	/joshi/ec/item/040030912673/
72	FAM MC	1,320円（税込）	うそわずらい	×：在庫なし	/joshi/ec/item/040030872199/
73	Moon River	880円（税込）	白色ワセリン	○：予約受付中	/joshi/ec/item/040030935610/
74	あの日あの時Memories	715円（税込）	さよなら、またね	×：在庫なし	/joshi/ec/item/040030933121/
75	おはようおやすみまたあした	944円（税込）	ライツ	○：予約受付中	/joshi/ec/item/040030937428/
76	ウチの相方/ツレがイチバンやろがい!!/だろうが!!	286円（税込）	海賊営業中	△：予約残りわずか	/joshi/ec/item/040030937427/
77	ささろの小ネタオンエア！	429円（税込）	海賊営業中	○：予約受付中	/joshi/ec/item/040030937426/
78	ばぶチャンず！	822円（税込）	ふらみんごのひ	×：在庫なし	/joshi/ec/item/040030856191/
79	だからどうか、そばにいて	787円（税込）	8月の蜃気楼	×：在庫なし	/joshi/ec/item/040030934741/
80	そしておやすみなさい、さようなら	770円（税込）	対岸リリー	○：在庫あり	/joshi/ec/item/040030933056/
81	赤ずきんひふみちゃん	660円（税込）	ダダダ	×：在庫なし	/joshi/ec/item/040030931462/
82	なんちゃってナゴ獄マンガ	715円（税込）	Emoturbo	△：在庫残りわずか	/joshi/ec/item/040030928057/
83	AFTER HOURS 2	865円（税込）	YMYD	○：予約受付中	/joshi/ec/item/040030937316/
84	姫ちゃんといっしょ３	787円（税込）	タカマチ	○：予約受付中	/joshi/ec/item/040030937347/
85	萬屋百夜奇譚・降	1,572円（税込）	ムーピー計画	○：在庫あり	/joshi/ec/item/040030931066/
86	ちかくて、とおい	472円（税込）	shake-shock	○：予約受付中	/joshi/ec/item/040030937262/
87	ゆめぼん２	1,320円（税込）	うそわずらい	○：予約受付中	/joshi/ec/item/040030936640/
88	山田家＋αの食卓	1,068円（税込）	りばーす！	○：在庫あり	/joshi/ec/item/040030756713/
89	Because of you	1,150円（税込）	フラスコソープ	×：在庫なし	/joshi/ec/item/040030847511/
90	乱数の独裁恋愛国家	880円（税込）	ホンビノス貝デスマッチリターンズ	×：在庫なし	/joshi/ec/item/040030826573/
91	夜が更けるまで	673円（税込）	sundisc	×：在庫なし	/joshi/ec/item/040030822097/
92	PANCAKE PARTY NIGHT	658円（税込）	赤点おばけ	×：在庫なし	/joshi/ec/item/040030818563/
93	ポメポメぎゅーっとマテンロー！	493円（税込）	ZURU	×：在庫なし	/joshi/ec/item/040030752843/
94	ORIENTED RELOCATION	787円（税込）	軒下。別館	×：在庫なし	/joshi/ec/item/040030937311/
95	パーフェクトサマチャ	707円（税込）	トクセツ	△：予約残りわずか	/joshi/ec/item/040030937217/
96	恋愛ばぶちゃん	944円（税込）	あかしの	×：在庫なし	/joshi/ec/item/040030937142/
97	海辺の狐狼	572円（税込）	アスファルト製麺所	×：在庫なし	/joshi/ec/item/040030937096/
98	ひふみ！はあい！	472円（税込）	Garnet	×：在庫なし	/joshi/ec/item/040030916754/
99	星づく夜	472円（税込）	トカゲ村	○：予約受付中	/joshi/ec/item/040030937180/
100	世界の策略	1,257円（税込）	ココノツノミチ	△：予約残りわずか	/joshi/ec/item/040030906327/
101	ずっともっと	787円（税込）	煙霞ナトリウム	○：予約受付中	/joshi/ec/item/040030935752/
102	天国へようこそ	944円（税込）	And But Cause I love you	○：予約受付中	/joshi/ec/item/040030937483/
103	二人で刻む日々	1,729円（税込）	Helichrysum	△：予約残りわずか	/joshi/ec/item/040030936939/
104	NAZONO TAMAGO	315円（税込）	もふり屋	×：在庫なし	/joshi/ec/item/040030936371/
105	明日に奏でるラブソング	1,572円（税込）	13月の庭	△：予約残りわずか	/joshi/ec/item/040030935778/
106	この声を君に捧ぐ	770円（税込）	月の葉	△：予約残りわずか	/joshi/ec/item/040030934873/
107	23°/19°	787円（税込）	くえん3	△：予約残りわずか	/joshi/ec/item/040030907948/
108	兎は想像で孕む生き物であるか	658円（税込）	かのこ	○：予約受付中	/joshi/ec/item/040030873079/
109	ヒプパしようぜ！！	315円（税込）	DAIZY	○：予約受付中	/joshi/ec/item/040030937491/
110	最後に残る愛のかたち	1,257円（税込）	うまからもやしたれ	×：在庫なし	/joshi/ec/item/040030935448/
111	Four Coke Lyric	787円（税込）	Chocolats	○：在庫あり	/joshi/ec/item/040030935227/
112	ROOM TOUR!	787円（税込）	CHIQUITA	○：予約受付中	/joshi/ec/item/040030927380/
113	FROM THE BIGGINING TO NOW	1,642円（税込）	渦	○：予約受付中	/joshi/ec/item/040030860819/
114	劇場前でまちあわせ　リターンズ	597円（税込）	BABY BLUE	○：予約受付中	/joshi/ec/item/040030937398/
115	mixed feelings	484円（税込）	おりたて弐六参	△：在庫残りわずか	/joshi/ec/item/040030930693/
116	hosanna	472円（税込）	おりたて弍六参	△：在庫残りわずか	/joshi/ec/item/040030920455/
117	稀刊どつどつ1月号	1,650円（税込）	QUN	○：予約受付中	/joshi/ec/item/040030879075/
118	かげろう	1,144円（税込）	黒はんぺん	△：予約残りわずか	/joshi/ec/item/040030937484/
119	神様とハッピーエンド	550円（税込）	レトルトはうす	×：在庫なし	/joshi/ec/item/040030919033/
120	ヒプマイエコバッグ　アイス	2,200円（税込）	choco_chocon	△：在庫残りわずか	/joshi/ec/item/040030918429/
121	ヒプノシスマイク　碧棺左馬刻　山田一郎　アクリルキーホルダー	770円（税込）	_caprice...	△：在庫残りわずか	/joshi/ec/item/040030912673/
122	FAM MC	1,320円（税込）	うそわずらい	×：在庫なし	/joshi/ec/item/040030872199/
123	Moon River	880円（税込）	白色ワセリン	○：予約受付中	/joshi/ec/item/040030935610/
124	あの日あの時Memories	715円（税込）	さよなら、またね	×：在庫なし	/joshi/ec/item/040030933121/
125	おはようおやすみまたあした	944円（税込）	ライツ	○：予約受付中	/joshi/ec/item/040030937428/
126	ウチの相方/ツレがイチバンやろがい!!/だろうが!!	286円（税込）	海賊営業中	△：予約残りわずか	/joshi/ec/item/040030937427/
127	ささろの小ネタオンエア！	429円（税込）	海賊営業中	○：予約受付中	/joshi/ec/item/040030937426/
128	ばぶチャンず！	822円（税込）	ふらみんごのひ	×：在庫なし	/joshi/ec/item/040030856191/
129	だからどうか、そばにいて	787円（税込）	8月の蜃気楼	×：在庫なし	/joshi/ec/item/040030934741/
130	そしておやすみなさい、さようなら	770円（税込）	対岸リリー	○：在庫あり	/joshi/ec/item/040030933056/
131	赤ずきんひふみちゃん	660円（税込）	ダダダ	×：在庫なし	/joshi/ec/item/040030931462/
132	なんちゃってナゴ獄マンガ	715円（税込）	Emoturbo	△：在庫残りわずか	/joshi/ec/item/040030928057/
133	AFTER HOURS 2	865円（税込）	YMYD	○：予約受付中	/joshi/ec/item/040030937316/
134	姫ちゃんといっしょ３	787円（税込）	タカマチ	○：予約受付中	/joshi/ec/item/040030937347/
135	萬屋百夜奇譚・降	1,572円（税込）	ムーピー計画	○：在庫あり	/joshi/ec/item/040030931066/
136	ちかくて、とおい	472円（税込）	shake-shock	○：予約受付中	/joshi/ec/item/040030937262/
137	ゆめぼん２	1,320円（税込）	うそわずらい	○：予約受付中	/joshi/ec/item/040030936640/
138	山田家＋αの食卓	1,068円（税込）	りばーす！	○：在庫あり	/joshi/ec/item/040030756713/
139	Because of you	1,150円（税込）	フラスコソープ	×：在庫なし	/joshi/ec/item/040030847511/
140	乱数の独裁恋愛国家	880円（税込）	ホンビノス貝デスマッチリターンズ	×：在庫なし	/joshi/ec/item/040030826573/
141	夜が更けるまで	673円（税込）	sundisc	×：在庫なし	/joshi/ec/item/040030822097/
142	PANCAKE PARTY NIGHT	658円（税込）	赤点おばけ	×：在庫なし	/joshi/ec/item/040030818563/
143	ポメポメぎゅーっとマテンロー！	493円（税込）	ZURU	×：在庫なし	/joshi/ec/item/040030752843/
144	ORIENTED RELOCATION	787円（税込）	軒下。別館	×：在庫なし	/joshi/ec/item/040030937311/
145	パーフェクトサマチャ	707円（税込）	トクセツ	△：予約残りわずか	/joshi/ec/item/040030937217/
146	恋愛ばぶちゃん	944円（税込）	あかしの	×：在庫なし	/joshi/ec/item/040030937142/
147	海辺の狐狼	572円（税込）	アスファルト製麺所	×：在庫なし	/joshi/ec/item/040030937096/
148	ひふみ！はあい！	472円（税込）	Garnet	×：在庫なし	/joshi/ec/item/040030916754/
149	星づく夜	472円（税込）	トカゲ村	○：予約受付中	/joshi/ec/item/040030937180/
150	世界の策略	1,257円（税込）	ココノツノミチ	△：予約残りわずか	/joshi/ec/item/040030906327/
151	ずっともっと	787円（税込）	煙霞ナトリウム	○：予約受付中	/joshi/ec/item/040030935752/
152	天国へようこそ	944円（税込）	And But Cause I love you	○：予約受付中	/joshi/ec/item/040030937483/
153	二人で刻む日々	1,729円（税込）	Helichrysum	△：予約残りわずか	/joshi/ec/item/040030936939/
154	NAZONO TAMAGO	315円（税込）	もふり屋	×：在庫なし	/joshi/ec/item/040030936371/
155	明日に奏でるラブソング	1,572円（税込）	13月の庭	△：予約残りわずか	/joshi/ec/item/040030935778/
156	この声を君に捧ぐ	770円（税込）	月の葉	△：予約残りわずか	/joshi/ec/item/040030934873/
157	23°/19°	787円（税込）	くえん3	△：予約残りわずか	/joshi/ec/item/040030907948/
158	兎は想像で孕む生き物であるか	658円（税込）	かのこ	○：予約受付中	/joshi/ec/item/040030873079/
159	ヒプパしようぜ！！	315円（税込）	DAIZY	○：予約受付中	/joshi/ec/item/040030937491/
160	最後に残る愛のかたち	1,257円（税込）	うまからもやしたれ	×：在庫なし	/joshi/ec/item/040030935448/
161	Four Coke Lyric	787円（税込）	Chocolats	○：在庫あり	/joshi/ec/item/040030935227/
162	ROOM TOUR!	787円（税込）	CHIQUITA	○：予約受付中	/joshi/ec/item/040030927380/
163	FROM THE BIGGINING TO NOW	1,642円（税込）	渦	○：予約受付中	/joshi/ec/item/040030860819/
164	劇場前でまちあわせ　リターンズ	597円（税込）	BABY BLUE	○：予約受付中	/joshi/ec/item/040030937398/
165	mixed feelings	484円（税込）	おりたて弐六参	△：在庫残りわずか	/joshi/ec/item/040030930693/
166	hosanna	472円（税込）	おりたて弍六参	△：在庫残りわずか	/joshi/ec/item/040030920455/
167	稀刊どつどつ1月号	1,650円（税込）	QUN	○：予約受付中	/joshi/ec/item/040030879075/
168	かげろう	1,144円（税込）	黒はんぺん	△：予約残りわずか	/joshi/ec/item/040030937484/
169	神様とハッピーエンド	550円（税込）	レトルトはうす	×：在庫なし	/joshi/ec/item/040030919033/
170	ヒプマイエコバッグ　アイス	2,200円（税込）	choco_chocon	△：在庫残りわずか	/joshi/ec/item/040030918429/
171	ヒプノシスマイク　碧棺左馬刻　山田一郎　アクリルキーホルダー	770円（税込）	_caprice...	△：在庫残りわずか	/joshi/ec/item/040030912673/
172	FAM MC	1,320円（税込）	うそわずらい	×：在庫なし	/joshi/ec/item/040030872199/
173	Moon River	880円（税込）	白色ワセリン	○：予約受付中	/joshi/ec/item/040030935610/
174	あの日あの時Memories	715円（税込）	さよなら、またね	×：在庫なし	/joshi/ec/item/040030933121/
175	おはようおやすみまたあした	944円（税込）	ライツ	○：予約受付中	/joshi/ec/item/040030937428/
176	ウチの相方/ツレがイチバンやろがい!!/だろうが!!	286円（税込）	海賊営業中	△：予約残りわずか	/joshi/ec/item/040030937427/
177	ささろの小ネタオンエア！	429円（税込）	海賊営業中	○：予約受付中	/joshi/ec/item/040030937426/
178	ばぶチャンず！	822円（税込）	ふらみんごのひ	×：在庫なし	/joshi/ec/item/040030856191/
179	だからどうか、そばにいて	787円（税込）	8月の蜃気楼	×：在庫なし	/joshi/ec/item/040030934741/
180	そしておやすみなさい、さようなら	770円（税込）	対岸リリー	○：在庫あり	/joshi/ec/item/040030933056/
181	赤ずきんひふみちゃん	660円（税込）	ダダダ	×：在庫なし	/joshi/ec/item/040030931462/
182	なんちゃってナゴ獄マンガ	715円（税込）	Emoturbo	△：在庫残りわずか	/joshi/ec/item/040030928057/
183	AFTER HOURS 2	865円（税込）	YMYD	○：予約受付中	/joshi/ec/item/040030937316/
184	姫ちゃんといっしょ３	787円（税込）	タカマチ	○：予約受付中	/joshi/ec/item/040030937347/
185	萬屋百夜奇譚・降	1,572円（税込）	ムーピー計画	○：在庫あり	/joshi/ec/item/040030931066/
186	ちかくて、とおい	472円（税込）	shake-shock	○：予約受付中	/joshi/ec/item/040030937262/
187	ゆめぼん２	1,320円（税込）	うそわずらい	○：予約受付中	/joshi/ec/item/040030936640/
188	山田家＋αの食卓	1,068円（税込）	りばーす！	○：在庫あり	/joshi/ec/item/040030756713/
189	Because of you	1,150円（税込）	フラスコソープ	×：在庫なし	/joshi/ec/item/040030847511/
190	乱数の独裁恋愛国家	880円（税込）	ホンビノス貝デスマッチリターンズ	×：在庫なし	/joshi/ec/item/040030826573/
191	夜が更けるまで	673円（税込）	sundisc	×：在庫なし	/joshi/ec/item/040030822097/
192	PANCAKE PARTY NIGHT	658円（税込）	赤点おばけ	×：在庫なし	/joshi/ec/item/040030818563/
193	ポメポメぎゅーっとマテンロー！	493円（税込）	ZURU	×：在庫なし	/joshi/ec/item/040030752843/
194	ORIENTED RELOCATION	787円（税込）	軒下。別館	×：在庫なし	/joshi/ec/item/040030937311/
195	パーフェクトサマチャ	707円（税込）	トクセツ	△：予約残りわずか	/joshi/ec/item/040030937217/
196	恋愛ばぶちゃん	944円（税込）	あかしの	×：在庫なし	/joshi/ec/item/040030937142/
197	海辺の狐狼	572円（税込）	アスファルト製麺所	×：在庫なし	/joshi/ec/item/040030937096/
198	ひふみ！はあい！	472円（税込）	Garnet	×：在庫なし	/joshi/ec/item/040030916754/
199	星づく夜	472円（税込）	トカゲ村	○：予約受付中	/joshi/ec/item/040030937180/
200	世界の策略	1,257円（税込）	ココノツノミチ	△：予約残りわずか	/joshi/ec/item/040030906327/
201	ずっともっと	787円（税込）	煙霞ナトリウム	○：予約受付中	/joshi/ec/item/040030935752/
202	天国へようこそ	944円（税込）	And But Cause I love you	○：予約受付中	/joshi/ec/item/040030937483/
203	二人で刻む日々	1,729円（税込）	Helichrysum	△：予約残りわずか	/joshi/ec/item/040030936939/
204	NAZONO TAMAGO	315円（税込）	もふり屋	×：在庫なし	/joshi/ec/item/040030936371/
205	明日に奏でるラブソング	1,572円（税込）	13月の庭	△：予約残りわずか	/joshi/ec/item/040030935778/
206	この声を君に捧ぐ	770円（税込）	月の葉	△：予約残りわずか	/joshi/ec/item/040030934873/
207	23°/19°	787円（税込）	くえん3	△：予約残りわずか	/joshi/ec/item/040030907948/
208	兎は想像で孕む生き物であるか	658円（税込）	かのこ	○：予約受付中	/joshi/ec/item/040030873079/
209	ヒプパしようぜ！！	315円（税込）	DAIZY	○：予約受付中	/joshi/ec/item/040030937491/
210	最後に残る愛のかたち	1,257円（税込）	うまからもやしたれ	×：在庫なし	/joshi/ec/item/040030935448/
211	Four Coke Lyric	787円（税込）	Chocolats	○：在庫あり	/joshi/ec/item/040030935227/
212	ROOM TOUR!	787円（税込）	CHIQUITA	○：予約受付中	/joshi/ec/item/040030927380/
213	FROM THE BIGGINING TO NOW	1,642円（税込）	渦	○：予約受付中	/joshi/ec/item/040030860819/
214	劇場前でまちあわせ　リターンズ	597円（税込）	BABY BLUE	○：予約受付中	/joshi/ec/item/040030937398/
215	mixed feelings	484円（税込）	おりたて弐六参	△：在庫残りわずか	/joshi/ec/item/040030930693/
216	hosanna	472円（税込）	おりたて弍六参	△：在庫残りわずか	/joshi/ec/item/040030920455/
217	稀刊どつどつ1月号	1,650円（税込）	QUN	○：予約受付中	/joshi/ec/item/040030879075/
218	かげろう	1,144円（税込）	黒はんぺん	△：予約残りわずか	/joshi/ec/item/040030937484/
219	神様とハッピーエンド	550円（税込）	レトルトはうす	×：在庫なし	/joshi/ec/item/040030919033/
220	ヒプマイエコバッグ　アイス	2,200円（税込）	choco_chocon	△：在庫残りわずか	/joshi/ec/item/040030918429/
221	ヒプノシスマイク　碧棺左馬刻　山田一郎　アクリルキーホルダー	770円（税込）	_caprice...	△：在庫残りわずか	/joshi/ec/item/040030912673/
222	FAM MC	1,320円（税込）	うそわずらい	×：在庫なし	/joshi/ec/item/040030872199/
223	Moon River	880円（税込）	白色ワセリン	○：予約受付中	/joshi/ec/item/040030935610/
224	あの日あの時Memories	715円（税込）	さよなら、またね	×：在庫なし	/joshi/ec/item/040030933121/
225	おはようおやすみまたあした	944円（税込）	ライツ	○：予約受付中	/joshi/ec/item/040030937428/
226	ウチの相方/ツレがイチバンやろがい!!/だろうが!!	286円（税込）	海賊営業中	△：予約残りわずか	/joshi/ec/item/040030937427/
227	ささろの小ネタオンエア！	429円（税込）	海賊営業中	○：予約受付中	/joshi/ec/item/040030937426/
228	ばぶチャンず！	822円（税込）	ふらみんごのひ	×：在庫なし	/joshi/ec/item/040030856191/
229	だからどうか、そばにいて	787円（税込）	8月の蜃気楼	×：在庫なし	/joshi/ec/item/040030934741/
230	そしておやすみなさい、さようなら	770円（税込）	対岸リリー	○：在庫あり	/joshi/ec/item/040030933056/
231	赤ずきんひふみちゃん	660円（税込）	ダダダ	×：在庫なし	/joshi/ec/item/040030931462/
232	なんちゃってナゴ獄マンガ	715円（税込）	Emoturbo	△：在庫残りわずか	/joshi/ec/item/040030928057/
233	AFTER HOURS 2	865円（税込）	YMYD	○：予約受付中	/joshi/ec/item/040030937316/
234	姫ちゃんといっしょ３	787円（税込）	タカマチ	○：予約受付中	/joshi/ec/item/040030937347/
235	萬屋百夜奇譚・降	1,572円（税込）	ムーピー計画	○：在庫あり	/joshi/ec/item/040030931066/
236	ちかくて、とおい	472円（税込）	shake-shock	○：予約受付中	/joshi/ec/item/040030937262/
237	ゆめぼん２	1,320円（税込）	うそわずらい	○：予約受付中	/joshi/ec/item/040030936640/
238	山田家＋αの食卓	1,068円（税込）	りばーす！	○：在庫あり	/joshi/ec/item/040030756713/
239	Because of you	1,150円（税込）	フラスコソープ	×：在庫なし	/joshi/ec/item/040030847511/
240	乱数の独裁恋愛国家	880円（税込）	ホンビノス貝デスマッチリターンズ	×：在庫なし	/joshi/ec/item/040030826573/
241	夜が更けるまで	673円（税込）	sundisc	×：在庫なし	/joshi/ec/item/040030822097/
242	PANCAKE PARTY NIGHT	658円（税込）	赤点おばけ	×：在庫なし	/joshi/ec/item/040030818563/
243	ポメポメぎゅーっとマテンロー！	493円（税込）	ZURU	×：在庫なし	/joshi/ec/item/040030752843/
244	ORIENTED RELOCATION	787円（税込）	軒下。別館	×：在庫なし	/joshi/ec/item/040030937311/
245	パーフェクトサマチャ	707円（税込）	トクセツ	△：予約残りわずか	/joshi/ec/item/040030937217/
246	恋愛ばぶちゃん	944円（税込）	あかしの	×：在庫なし	/joshi/ec/item/040030937142/
247	海辺の狐狼	572円（税込）	アスファルト製麺所	×：在庫なし	/joshi/ec/item/040030937096/
248	ひふみ！はあい！	472円（税込）	Garnet	×：在庫なし	/joshi/ec/item/040030916754/
249	星づく夜	472円（税込）	トカゲ村	○：予約受付中	/joshi/ec/item/040030937180/
250	世界の策略	1,257円（税込）	ココノツノミチ	△：予約残りわずか	/joshi/ec/item/040030906327/
251	ずっともっと	787円（税込）	煙霞ナトリウム	○：予約受付中	/joshi/ec/item/040030935752/
252	天国へようこそ	944円（税込）	And But Cause I love you	○：予約受付中	/joshi/ec/item/040030937483/
253	二人で刻む日々	1,729円（税込）	Helichrysum	△：予約残りわずか	/joshi/ec/item/040030936939/
254	NAZONO TAMAGO	315円（税込）	もふり屋	×：在庫なし	/joshi/ec/item/040030936371/
255	明日に奏でるラブソング	1,572円（税込）	13月の庭	△：予約残りわずか	/joshi/ec/item/040030935778/
256	この声を君に捧ぐ	770円（税込）	月の葉	△：予約残りわずか	/joshi/ec/item/040030934873/
257	23°/19°	787円（税込）	くえん3	△：予約残りわずか	/joshi/ec/item/040030907948/
258	兎は想像で孕む生き物であるか	658円（税込）	かのこ	○：予約受付中	/joshi/ec/item/040030873079/
259	ヒプパしようぜ！！	315円（税込）	DAIZY	○：予約受付中	/joshi/ec/item/040030937491/
260	最後に残る愛のかたち	1,257円（税込）	うまからもやしたれ	×：在庫なし	/joshi/ec/item/040030935448/
261	Four Coke Lyric	787円（税込）	Chocolats	○：在庫あり	/joshi/ec/item/040030935227/
262	ROOM TOUR!	787円（税込）	CHIQUITA	○：予約受付中	/joshi/ec/item/040030927380/
263	FROM THE BIGGINING TO NOW	1,642円（税込）	渦	○：予約受付中	/joshi/ec/item/040030860819/
264	劇場前でまちあわせ　リターンズ	597円（税込）	BABY BLUE	○：予約受付中	/joshi/ec/item/040030937398/
265	mixed feelings	484円（税込）	おりたて弐六参	△：在庫残りわずか	/joshi/ec/item/040030930693/
266	hosanna	472円（税込）	おりたて弍六参	△：在庫残りわずか	/joshi/ec/item/040030920455/
267	稀刊どつどつ1月号	1,650円（税込）	QUN	○：予約受付中	/joshi/ec/item/040030879075/
268	かげろう	1,144円（税込）	黒はんぺん	△：予約残りわずか	/joshi/ec/item/040030937484/
269	神様とハッピーエンド	550円（税込）	レトルトはうす	×：在庫なし	/joshi/ec/item/040030919033/
270	ヒプマイエコバッグ　アイス	2,200円（税込）	choco_chocon	△：在庫残りわずか	/joshi/ec/item/040030918429/
271	ヒプノシスマイク　碧棺左馬刻　山田一郎　アクリルキーホルダー	770円（税込）	_caprice...	△：在庫残りわずか	/joshi/ec/item/040030912673/
272	FAM MC	1,320円（税込）	うそわずらい	×：在庫なし	/joshi/ec/item/040030872199/
273	Moon River	880円（税込）	白色ワセリン	○：予約受付中	/joshi/ec/item/040030935610/
274	あの日あの時Memories	715円（税込）	さよなら、またね	×：在庫なし	/joshi/ec/item/040030933121/
275	おはようおやすみまたあした	944円（税込）	ライツ	○：予約受付中	/joshi/ec/item/040030937428/
276	ウチの相方/ツレがイチバンやろがい!!/だろうが!!	286円（税込）	海賊営業中	△：予約残りわずか	/joshi/ec/item/040030937427/
277	ささろの小ネタオンエア！	429円（税込）	海賊営業中	○：予約受付中	/joshi/ec/item/040030937426/
278	ばぶチャンず！	822円（税込）	ふらみんごのひ	×：在庫なし	/joshi/ec/item/040030856191/
279	だからどうか、そばにいて	787円（税込）	8月の蜃気楼	×：在庫なし	/joshi/ec/item/040030934741/
280	そしておやすみなさい、さようなら	770円（税込）	対岸リリー	○：在庫あり	/joshi/ec/item/040030933056/
281	赤ずきんひふみちゃん	660円（税込）	ダダダ	×：在庫なし	/joshi/ec/item/040030931462/
282	なんちゃってナゴ獄マンガ	715円（税込）	Emoturbo	△：在庫残りわずか	/joshi/ec/item/040030928057/
283	AFTER HOURS 2	865円（税込）	YMYD	○：予約受付中	/joshi/ec/item/040030937316/
284	姫ちゃんといっしょ３	787円（税込）	タカマチ	○：予約受付中	/joshi/ec/item/040030937347/
285	萬屋百夜奇譚・降	1,572円（税込）	ムーピー計画	○：在庫あり	/joshi/ec/item/040030931066/
286	ちかくて、とおい	472円（税込）	shake-shock	○：予約受付中	/joshi/ec/item/040030937262/
287	ゆめぼん２	1,320円（税込）	うそわずらい	○：予約受付中	/joshi/ec/item/040030936640/
288	山田家＋αの食卓	1,068円（税込）	りばーす！	○：在庫あり	/joshi/ec/item/040030756713/
289	Because of you	1,150円（税込）	フラスコソープ	×：在庫なし	/joshi/ec/item/040030847511/
290	乱数の独裁恋愛国家	880円（税込）	ホンビノス貝デスマッチリターンズ	×：在庫なし	/joshi/ec/item/040030826573/
291	夜が更けるまで	673円（税込）	sundisc	×：在庫なし	/joshi/ec/item/040030822097/
292	PANCAKE PARTY NIGHT	658円（税込）	赤点おばけ	×：在庫なし	/joshi/ec/item/040030818563/
293	ポメポメぎゅーっとマテンロー！	493円（税込）	ZURU	×：在庫なし	/joshi/ec/item/040030752843/
294	ORIENTED RELOCATION	787円（税込）	軒下。別館	×：在庫なし	/joshi/ec/item/040030937311/
295	パーフェクトサマチャ	707円（税込）	トクセツ	△：予約残りわずか	/joshi/ec/item/040030937217/
296	恋愛ばぶちゃん	944円（税込）	あかしの	×：在庫なし	/joshi/ec/item/040030937142/
297	海辺の狐狼	572円（税込）	アスファルト製麺所	×：在庫なし	/joshi/ec/item/040030937096/
298	ひふみ！はあい！	472円（税込）	Garnet	×：在庫なし	/joshi/ec/item/040030916754/
299	星づく夜	472円（税込）	トカゲ村	○：予約受付中	/joshi/ec/item/040030937180/
300	世界の策略	1,257円（税込）	ココノツノミチ	△：予約残りわずか	/joshi/ec/item/040030906327/
301	ずっともっと	787円（税込）	煙霞ナトリウム	○：予約受付中	/joshi/ec/item/040030935752/
302	天国へようこそ	944円（税込）	And But Cause I love you	○：予約受付中	/joshi/ec/item/040030937483/
303	二人で刻む日々	1,729円（税込）	Helichrysum	△：予約残りわずか	/joshi/ec/item/040030936939/
304	NAZONO TAMAGO	315円（税込）	もふり屋	×：在庫なし	/joshi/ec/item/040030936371/
305	明日に奏でるラブソング	1,572円（税込）	13月の庭	△：予約残りわずか	/joshi/ec/item/040030935778/
306	この声を君に捧ぐ	770円（税込）	月の葉	△：予約残りわずか	/joshi/ec/item/040030934873/
307	23°/19°	787円（税込）	くえん3	△：予約残りわずか	/joshi/ec/item/040030907948/
308	兎は想像で孕む生き物であるか	658円（税込）	かのこ	○：予約受付中	/joshi/ec/item/040030873079/
309	ヒプパしようぜ！！	315円（税込）	DAIZY	○：予約受付中	/joshi/ec/item/040030937491/
310	最後に残る愛のかたち	1,257円（税込）	うまからもやしたれ	×：在庫なし	/joshi/ec/item/040030935448/
311	Four Coke Lyric	787円（税込）	Chocolats	○：在庫あり	/joshi/ec/item/040030935227/
312	ROOM TOUR!	787円（税込）	CHIQUITA	○：予約受付中	/joshi/ec/item/040030927380/
313	FROM THE BIGGINING TO NOW	1,642円（税込）	渦	○：予約受付中	/joshi/ec/item/040030860819/
314	劇場前でまちあわせ　リターンズ	597円（税込）	BABY BLUE	○：予約受付中	/joshi/ec/item/040030937398/
315	mixed feelings	484円（税込）	おりたて弐六参	△：在庫残りわずか	/joshi/ec/item/040030930693/
316	hosanna	472円（税込）	おりたて弍六参	△：在庫残りわずか	/joshi/ec/item/040030920455/
317	稀刊どつどつ1月号	1,650円（税込）	QUN	○：予約受付中	/joshi/ec/item/040030879075/
318	かげろう	1,144円（税込）	黒はんぺん	△：予約残りわずか	/joshi/ec/item/040030937484/
319	神様とハッピーエンド	550円（税込）	レトルトはうす	×：在庫なし	/joshi/ec/item/040030919033/
320	ヒプマイエコバッグ　アイス	2,200円（税込）	choco_chocon	△：在庫残りわずか	/joshi/ec/item/040030918429/
321	ヒプノシスマイク　碧棺左馬刻　山田一郎　アクリルキーホルダー	770円（税込）	_caprice...	△：在庫残りわずか	/joshi/ec/item/040030912673/
322	FAM MC	1,320円（税込）	うそわずらい	×：在庫なし	/joshi/ec/item/040030872199/
323	Moon River	880円（税込）	白色ワセリン	○：予約受付中	/joshi/ec/item/040030935610/
324	あの日あの時Memories	715円（税込）	さよなら、またね	×：在庫なし	/joshi/ec/item/040030933121/
325	おはようおやすみまたあした	944円（税込）	ライツ	○：予約受付中	/joshi/ec/item/040030937428/
326	ウチの相方/ツレがイチバンやろがい!!/だろうが!!	286円（税込）	海賊営業中	△：予約残りわずか	/joshi/ec/item/040030937427/
327	ささろの小ネタオンエア！	429円（税込）	海賊営業中	○：予約受付中	/joshi/ec/item/040030937426/
328	ばぶチャンず！	822円（税込）	ふらみんごのひ	×：在庫なし	/joshi/ec/item/040030856191/
329	だからどうか、そばにいて	787円（税込）	8月の蜃気楼	×：在庫なし	/joshi/ec/item/040030934741/
330	そしておやすみなさい、さようなら	770円（税込）	対岸リリー	○：在庫あり	/joshi/ec/item/040030933056/
331	赤ずきんひふみちゃん	660円（税込）	ダダダ	×：在庫なし	/joshi/ec/item/040030931462/
332	なんちゃってナゴ獄マンガ	715円（税込）	Emoturbo	△：在庫残りわずか	/joshi/ec/item/040030928057/
333	AFTER HOURS 2	865円（税込）	YMYD	○：予約受付中	/joshi/ec/item/040030937316/
334	姫ちゃんといっしょ３	787円（税込）	タカマチ	○：予約受付中	/joshi/ec/item/040030937347/
335	萬屋百夜奇譚・降	1,572円（税込）	ムーピー計画	○：在庫あり	/joshi/ec/item/040030931066/
336	ちかくて、とおい	472円（税込）	shake-shock	○：予約受付中	/joshi/ec/item/040030937262/
337	ゆめぼん２	1,320円（税込）	うそわずらい	○：予約受付中	/joshi/ec/item/040030936640/
338	山田家＋αの食卓	1,068円（税込）	りばーす！	○：在庫あり	/joshi/ec/item/040030756713/
339	Because of you	1,150円（税込）	フラスコソープ	×：在庫なし	/joshi/ec/item/040030847511/
340	乱数の独裁恋愛国家	880円（税込）	ホンビノス貝デスマッチリターンズ	×：在庫なし	/joshi/ec/item/040030826573/
341	夜が更けるまで	673円（税込）	sundisc	×：在庫なし	/joshi/ec/item/040030822097/
342	PANCAKE PARTY NIGHT	658円（税込）	赤点おばけ	×：在庫なし	/joshi/ec/item/040030818563/
343	ポメポメぎゅーっとマテンロー！	493円（税込）	ZURU	×：在庫なし	/joshi/ec/item/040030752843/
344	ORIENTED RELOCATION	787円（税込）	軒下。別館	×：在庫なし	/joshi/ec/item/040030937311/
345	パーフェクトサマチャ	707円（税込）	トクセツ	△：予約残りわずか	/joshi/ec/item/040030937217/
346	恋愛ばぶちゃん	944円（税込）	あかしの	×：在庫なし	/joshi/ec/item/040030937142/
347	海辺の狐狼	572円（税込）	アスファルト製麺所	×：在庫なし	/joshi/ec/item/040030937096/
348	ひふみ！はあい！	472円（税込）	Garnet	×：在庫なし	/joshi/ec/item/040030916754/
349	星づく夜	472円（税込）	トカゲ村	○：予約受付中	/joshi/ec/item/040030937180/
350	世界の策略	1,257円（税込）	ココノツノミチ	△：予約残りわずか	/joshi/ec/item/040030906327/
351	ずっともっと	787円（税込）	煙霞ナトリウム	○：予約受付中	/joshi/ec/item/040030935752/
352	天国へようこそ	944円（税込）	And But Cause I love you	○：予約受付中	/joshi/ec/item/040030937483/
353	二人で刻む日々	1,729円（税込）	Helichrysum	△：予約残りわずか	/joshi/ec/item/040030936939/
354	NAZONO TAMAGO	315円（税込）	もふり屋	×：在庫なし	/joshi/ec/item/040030936371/
355	明日に奏でるラブソング	1,572円（税込）	13月の庭	△：予約残りわずか	/joshi/ec/item/040030935778/
356	この声を君に捧ぐ	770円（税込）	月の葉	△：予約残りわずか	/joshi/ec/item/040030934873/
357	23°/19°	787円（税込）	くえん3	△：予約残りわずか	/joshi/ec/item/040030907948/
358	兎は想像で孕む生き物であるか	658円（税込）	かのこ	○：予約受付中	/joshi/ec/item/040030873079/
359	ヒプパしようぜ！！	315円（税込）	DAIZY	○：予約受付中	/joshi/ec/item/040030937491/
360	最後に残る愛のかたち	1,257円（税込）	うまからもやしたれ	×：在庫なし	/joshi/ec/item/040030935448/
361	Four Coke Lyric	787円（税込）	Chocolats	○：在庫あり	/joshi/ec/item/040030935227/
362	ROOM TOUR!	787円（税込）	CHIQUITA	○：予約受付中	/joshi/ec/item/040030927380/
363	FROM THE BIGGINING TO NOW	1,642円（税込）	渦	○：予約受付中	/joshi/ec/item/040030860819/
364	劇場前でまちあわせ　リターンズ	597円（税込）	BABY BLUE	○：予約受付中	/joshi/ec/item/040030937398/
365	mixed feelings	484円（税込）	おりたて弐六参	△：在庫残りわずか	/joshi/ec/item/040030930693/
366	hosanna	472円（税込）	おりたて弍六参	△：在庫残りわずか	/joshi/ec/item/040030920455/
367	稀刊どつどつ1月号	1,650円（税込）	QUN	○：予約受付中	/joshi/ec/item/040030879075/
368	かげろう	1,144円（税込）	黒はんぺん	△：予約残りわずか	/joshi/ec/item/040030937484/
369	神様とハッピーエンド	550円（税込）	レトルトはうす	×：在庫なし	/joshi/ec/item/040030919033/
370	ヒプマイエコバッグ　アイス	2,200円（税込）	choco_chocon	△：在庫残りわずか	/joshi/ec/item/040030918429/
371	ヒプノシスマイク　碧棺左馬刻　山田一郎　アクリルキーホルダー	770円（税込）	_caprice...	△：在庫残りわずか	/joshi/ec/item/040030912673/
372	FAM MC	1,320円（税込）	うそわずらい	×：在庫なし	/joshi/ec/item/040030872199/
373	Moon River	880円（税込）	白色ワセリン	○：予約受付中	/joshi/ec/item/040030935610/
374	あの日あの時Memories	715円（税込）	さよなら、またね	×：在庫なし	/joshi/ec/item/040030933121/
375	おはようおやすみまたあした	944円（税込）	ライツ	○：予約受付中	/joshi/ec/item/040030937428/
376	ウチの相方/ツレがイチバンやろがい!!/だろうが!!	286円（税込）	海賊営業中	△：予約残りわずか	/joshi/ec/item/040030937427/
377	ささろの小ネタオンエア！	429円（税込）	海賊営業中	○：予約受付中	/joshi/ec/item/040030937426/
378	ばぶチャンず！	822円（税込）	ふらみんごのひ	×：在庫なし	/joshi/ec/item/040030856191/
379	だからどうか、そばにいて	787円（税込）	8月の蜃気楼	×：在庫なし	/joshi/ec/item/040030934741/
380	そしておやすみなさい、さようなら	770円（税込）	対岸リリー	○：在庫あり	/joshi/ec/item/040030933056/
381	赤ずきんひふみちゃん	660円（税込）	ダダダ	×：在庫なし	/joshi/ec/item/040030931462/
382	なんちゃってナゴ獄マンガ	715円（税込）	Emoturbo	△：在庫残りわずか	/joshi/ec/item/040030928057/
383	AFTER HOURS 2	865円（税込）	YMYD	○：予約受付中	/joshi/ec/item/040030937316/
384	姫ちゃんといっしょ３	787円（税込）	タカマチ	○：予約受付中	/joshi/ec/item/040030937347/
385	萬屋百夜奇譚・降	1,572円（税込）	ムーピー計画	○：在庫あり	/joshi/ec/item/040030931066/
386	ちかくて、とおい	472円（税込）	shake-shock	○：予約受付中	/joshi/ec/item/040030937262/
387	ゆめぼん２	1,320円（税込）	うそわずらい	○：予約受付中	/joshi/ec/item/040030936640/
388	山田家＋αの食卓	1,068円（税込）	りばーす！	○：在庫あり	/joshi/ec/item/040030756713/
389	Because of you	1,150円（税込）	フラスコソープ	×：在庫なし	/joshi/ec/item/040030847511/
390	乱数の独裁恋愛国家	880円（税込）	ホンビノス貝デスマッチリターンズ	×：在庫なし	/joshi/ec/item/040030826573/
391	夜が更けるまで	673円（税込）	sundisc	×：在庫なし	/joshi/ec/item/040030822097/
392	PANCAKE PARTY NIGHT	658円（税込）	赤点おばけ	×：在庫なし	/joshi/ec/item/040030818563/
393	ポメポメぎゅーっとマテンロー！	493円（税込）	ZURU	×：在庫なし	/joshi/ec/item/040030752843/
394	ORIENTED RELOCATION	787円（税込）	軒下。別館	×：在庫なし	/joshi/ec/item/040030937311/
395	パーフェクトサマチャ	707円（税込）	トクセツ	△：予約残りわずか	/joshi/ec/item/040030937217/
396	恋愛ばぶちゃん	944円（税込）	あかしの	×：在庫なし	/joshi/ec/item/040030937142/
397	海辺の狐狼	572円（税込）	アスファルト製麺所	×：在庫なし	/joshi/ec/item/040030937096/
398	ひふみ！はあい！	472円（税込）	Garnet	×：在庫なし	/joshi/ec/item/040030916754/
399	星づく夜	472円（税込）	トカゲ村	○：予約受付中	/joshi/ec/item/040030937180/
400	世界の策略	1,257円（税込）	ココノツノミチ	△：予約残りわずか	/joshi/ec/item/040030906327/
401	ずっともっと	787円（税込）	煙霞ナトリウム	○：予約受付中	/joshi/ec/item/040030935752/
402	天国へようこそ	944円（税込）	And But Cause I love you	○：予約受付中	/joshi/ec/item/040030937483/
403	二人で刻む日々	1,729円（税込）	Helichrysum	△：予約残りわずか	/joshi/ec/item/040030936939/
404	NAZONO TAMAGO	315円（税込）	もふり屋	×：在庫なし	/joshi/ec/item/040030936371/
405	明日に奏でるラブソング	1,572円（税込）	13月の庭	△：予約残りわずか	/joshi/ec/item/040030935778/
406	この声を君に捧ぐ	770円（税込）	月の葉	△：予約残りわずか	/joshi/ec/item/040030934873/
407	23°/19°	787円（税込）	くえん3	△：予約残りわずか	/joshi/ec/item/040030907948/
408	兎は想像で孕む生き物であるか	658円（税込）	かのこ	○：予約受付中	/joshi/ec/item/040030873079/
409	ヒプパしようぜ！！	315円（税込）	DAIZY	○：予約受付中	/joshi/ec/item/040030937491/
410	最後に残る愛のかたち	1,257円（税込）	うまからもやしたれ	×：在庫なし	/joshi/ec/item/040030935448/
411	Four Coke Lyric	787円（税込）	Chocolats	○：在庫あり	/joshi/ec/item/040030935227/
412	ROOM TOUR!	787円（税込）	CHIQUITA	○：予約受付中	/joshi/ec/item/040030927380/
413	FROM THE BIGGINING TO NOW	1,642円（税込）	渦	○：予約受付中	/joshi/ec/item/040030860819/
414	劇場前でまちあわせ　リターンズ	597円（税込）	BABY BLUE	○：予約受付中	/joshi/ec/item/040030937398/
415	mixed feelings	484円（税込）	おりたて弐六参	△：在庫残りわずか	/joshi/ec/item/040030930693/
416	hosanna	472円（税込）	おりたて弍六参	△：在庫残りわずか	/joshi/ec/item/040030920455/
417	稀刊どつどつ1月号	1,650円（税込）	QUN	○：予約受付中	/joshi/ec/item/040030879075/
418	かげろう	1,144円（税込）	黒はんぺん	△：予約残りわずか	/joshi/ec/item/040030937484/
419	神様とハッピーエンド	550円（税込）	レトルトはうす	×：在庫なし	/joshi/ec/item/040030919033/
420	ヒプマイエコバッグ　アイス	2,200円（税込）	choco_chocon	△：在庫残りわずか	/joshi/ec/item/040030918429/
421	ヒプノシスマイク　碧棺左馬刻　山田一郎　アクリルキーホルダー	770円（税込）	_caprice...	△：在庫残りわずか	/joshi/ec/item/040030912673/
422	FAM MC	1,320円（税込）	うそわずらい	×：在庫なし	/joshi/ec/item/040030872199/
423	Moon River	880円（税込）	白色ワセリン	○：予約受付中	/joshi/ec/item/040030935610/
424	あの日あの時Memories	715円（税込）	さよなら、またね	×：在庫なし	/joshi/ec/item/040030933121/
425	おはようおやすみまたあした	944円（税込）	ライツ	○：予約受付中	/joshi/ec/item/040030937428/
426	ウチの相方/ツレがイチバンやろがい!!/だろうが!!	286円（税込）	海賊営業中	△：予約残りわずか	/joshi/ec/item/040030937427/
427	ささろの小ネタオンエア！	429円（税込）	海賊営業中	○：予約受付中	/joshi/ec/item/040030937426/
428	ばぶチャンず！	822円（税込）	ふらみんごのひ	×：在庫なし	/joshi/ec/item/040030856191/
429	だからどうか、そばにいて	787円（税込）	8月の蜃気楼	×：在庫なし	/joshi/ec/item/040030934741/
430	そしておやすみなさい、さようなら	770円（税込）	対岸リリー	○：在庫あり	/joshi/ec/item/040030933056/
431	赤ずきんひふみちゃん	660円（税込）	ダダダ	×：在庫なし	/joshi/ec/item/040030931462/
432	なんちゃってナゴ獄マンガ	715円（税込）	Emoturbo	△：在庫残りわずか	/joshi/ec/item/040030928057/
433	AFTER HOURS 2	865円（税込）	YMYD	○：予約受付中	/joshi/ec/item/040030937316/
434	姫ちゃんといっしょ３	787円（税込）	タカマチ	○：予約受付中	/joshi/ec/item/040030937347/
435	萬屋百夜奇譚・降	1,572円（税込）	ムーピー計画	○：在庫あり	/joshi/ec/item/040030931066/
436	ちかくて、とおい	472円（税込）	shake-shock	○：予約受付中	/joshi/ec/item/040030937262/
437	ゆめぼん２	1,320円（税込）	うそわずらい	○：予約受付中	/joshi/ec/item/040030936640/
438	山田家＋αの食卓	1,068円（税込）	りばーす！	○：在庫あり	/joshi/ec/item/040030756713/
439	Because of you	1,150円（税込）	フラスコソープ	×：在庫なし	/joshi/ec/item/040030847511/
440	乱数の独裁恋愛国家	880円（税込）	ホンビノス貝デスマッチリターンズ	×：在庫なし	/joshi/ec/item/040030826573/
441	夜が更けるまで	673円（税込）	sundisc	×：在庫なし	/joshi/ec/item/040030822097/
442	PANCAKE PARTY NIGHT	658円（税込）	赤点おばけ	×：在庫なし	/joshi/ec/item/040030818563/
443	ポメポメぎゅーっとマテンロー！	493円（税込）	ZURU	×：在庫なし	/joshi/ec/item/040030752843/
444	ORIENTED RELOCATION	787円（税込）	軒下。別館	×：在庫なし	/joshi/ec/item/040030937311/
445	パーフェクトサマチャ	707円（税込）	トクセツ	△：予約残りわずか	/joshi/ec/item/040030937217/
446	恋愛ばぶちゃん	944円（税込）	あかしの	×：在庫なし	/joshi/ec/item/040030937142/
447	海辺の狐狼	572円（税込）	アスファルト製麺所	×：在庫なし	/joshi/ec/item/040030937096/
448	ひふみ！はあい！	472円（税込）	Garnet	×：在庫なし	/joshi/ec/item/040030916754/
449	星づく夜	472円（税込）	トカゲ村	○：予約受付中	/joshi/ec/item/040030937180/
450	世界の策略	1,257円（税込）	ココノツノミチ	△：予約残りわずか	/joshi/ec/item/040030906327/
451	ずっともっと	787円（税込）	煙霞ナトリウム	○：予約受付中	/joshi/ec/item/040030935752/
452	天国へようこそ	944円（税込）	And But Cause I love you	○：予約受付中	/joshi/ec/item/040030937483/
453	二人で刻む日々	1,729円（税込）	Helichrysum	△：予約残りわずか	/joshi/ec/item/040030936939/
454	NAZONO TAMAGO	315円（税込）	もふり屋	×：在庫なし	/joshi/ec/item/040030936371/
455	明日に奏でるラブソング	1,572円（税込）	13月の庭	△：予約残りわずか	/joshi/ec/item/040030935778/
456	この声を君に捧ぐ	770円（税込）	月の葉	△：予約残りわずか	/joshi/ec/item/040030934873/
457	23°/19°	787円（税込）	くえん3	△：予約残りわずか	/joshi/ec/item/040030907948/
458	兎は想像で孕む生き物であるか	658円（税込）	かのこ	○：予約受付中	/joshi/ec/item/040030873079/
459	ヒプパしようぜ！！	315円（税込）	DAIZY	○：予約受付中	/joshi/ec/item/040030937491/
460	最後に残る愛のかたち	1,257円（税込）	うまからもやしたれ	×：在庫なし	/joshi/ec/item/040030935448/
461	Four Coke Lyric	787円（税込）	Chocolats	○：在庫あり	/joshi/ec/item/040030935227/
462	ROOM TOUR!	787円（税込）	CHIQUITA	○：予約受付中	/joshi/ec/item/040030927380/
463	FROM THE BIGGINING TO NOW	1,642円（税込）	渦	○：予約受付中	/joshi/ec/item/040030860819/
464	劇場前でまちあわせ　リターンズ	597円（税込）	BABY BLUE	○：予約受付中	/joshi/ec/item/040030937398/
465	mixed feelings	484円（税込）	おりたて弐六参	△：在庫残りわずか	/joshi/ec/item/040030930693/
466	hosanna	472円（税込）	おりたて弍六参	△：在庫残りわずか	/joshi/ec/item/040030920455/
467	稀刊どつどつ1月号	1,650円（税込）	QUN	○：予約受付中	/joshi/ec/item/040030879075/
468	かげろう	1,144円（税込）	黒はんぺん	△：予約残りわずか	/joshi/ec/item/040030937484/
469	神様とハッピーエンド	550円（税込）	レトルトはうす	×：在庫なし	/joshi/ec/item/040030919033/
470	ヒプマイエコバッグ　アイス	2,200円（税込）	choco_chocon	△：在庫残りわずか	/joshi/ec/item/040030918429/
471	ヒプノシスマイク　碧棺左馬刻　山田一郎　アクリルキーホルダー	770円（税込）	_caprice...	△：在庫残りわずか	/joshi/ec/item/040030912673/
472	FAM MC	1,320円（税込）	うそわずらい	×：在庫なし	/joshi/ec/item/040030872199/
473	Moon River	880円（税込）	白色ワセリン	○：予約受付中	/joshi/ec/item/040030935610/
474	あの日あの時Memories	715円（税込）	さよなら、またね	×：在庫なし	/joshi/ec/item/040030933121/
475	おはようおやすみまたあした	944円（税込）	ライツ	○：予約受付中	/joshi/ec/item/040030937428/
476	ウチの相方/ツレがイチバンやろがい!!/だろうが!!	286円（税込）	海賊営業中	△：予約残りわずか	/joshi/ec/item/040030937427/
477	ささろの小ネタオンエア！	429円（税込）	海賊営業中	○：予約受付中	/joshi/ec/item/040030937426/
478	ばぶチャンず！	822円（税込）	ふらみんごのひ	×：在庫なし	/joshi/ec/item/040030856191/
479	だからどうか、そばにいて	787円（税込）	8月の蜃気楼	×：在庫なし	/joshi/ec/item/040030934741/
480	そしておやすみなさい、さようなら	770円（税込）	対岸リリー	○：在庫あり	/joshi/ec/item/040030933056/
481	赤ずきんひふみちゃん	660円（税込）	ダダダ	×：在庫なし	/joshi/ec/item/040030931462/
482	なんちゃってナゴ獄マンガ	715円（税込）	Emoturbo	△：在庫残りわずか	/joshi/ec/item/040030928057/
483	AFTER HOURS 2	865円（税込）	YMYD	○：予約受付中	/joshi/ec/item/040030937316/
484	姫ちゃんといっしょ３	787円（税込）	タカマチ	○：予約受付中	/joshi/ec/item/040030937347/
485	萬屋百夜奇譚・降	1,572円（税込）	ムーピー計画	○：在庫あり	/joshi/ec/item/040030931066/
486	ちかくて、とおい	472円（税込）	shake-shock	○：予約受付中	/joshi/ec/item/040030937262/
487	ゆめぼん２	1,320円（税込）	うそわずらい	○：予約受付中	/joshi/ec/item/040030936640/
488	山田家＋αの食卓	1,068円（税込）	りばーす！	○：在庫あり	/joshi/ec/item/040030756713/
489	Because of you	1,150円（税込）	フラスコソープ	×：在庫なし	/joshi/ec/item/040030847511/
490	乱数の独裁恋愛国家	880円（税込）	ホンビノス貝デスマッチリターンズ	×：在庫なし	/joshi/ec/item/040030826573/
491	夜が更けるまで	673円（税込）	sundisc	×：在庫なし	/joshi/ec/item/040030822097/
492	PANCAKE PARTY NIGHT	658円（税込）	赤点おばけ	×：在庫なし	/joshi/ec/item/040030818563/
493	ポメポメぎゅーっとマテンロー！	493円（税込）	ZURU	×：在庫なし	/joshi/ec/item/040030752843/
494	ORIENTED RELOCATION	787円（税込）	軒下。別館	×：在庫なし	/joshi/ec/item/040030937311/
495	パーフェクトサマチャ	707円（税込）	トクセツ	△：予約残りわずか	/joshi/ec/item/040030937217/
496	恋愛ばぶちゃん	944円（税込）	あかしの	×：在庫なし	/joshi/ec/item/040030937142/
497	海辺の狐狼	572円（税込）	アスファルト製麺所	×：在庫なし	/joshi/ec/item/040030937096/
498	ひふみ！はあい！	472円（税込）	Garnet	×：在庫なし	/joshi/ec/item/040030916754/
499	星づく夜	472円（税込）	トカゲ村	○：予約受付中	/joshi/ec/item/040030937180/
